Table,ID,Text,Address,Length,Pointer
item_names,0,"[WAIT][WAIT][WAIT]

##[NAME][ITEM]###",$04F000,12,
item_names,1,"#[CLEAR][CLEAR][CLEAR]
#_##",$04F00C,10,
item_names,2,#####Vl####F,$04F018,12,
item_names,3,F,$04F024,2,
item_names,5,#,$04F03C,2,
item_names,6,#########'Wl,$04F048,12,
item_names,7,e######F##t,$04F054,12,
item_names,8,_#########,$04F060,12,
item_names,9,########y##,$04F06C,12,
item_names,10,&#Vi8#######,$04F078,12,
item_names,11,########G,$04F084,12,
item_names,12,G##99#######,$04F090,12,
item_names,13,###m9######,$04F09C,12,
item_names,14,######S#####,$04F0A8,12,
item_names,15,#r#######FD#,$04F0B4,12,
item_names,16,####5#######,$04F0C0,12,
item_names,17,###########,$04F0CC,12,
item_names,18,###UP#######,$04F0D8,12,
item_names,19,###t#F##k,$04F0E4,12,
item_names,20,l###########,$04F0F0,12,
item_names,21,#J#####t####,$04F0FC,12,
item_names,22,#########Zd#,$04F108,12,
item_names,23,##########,$04F114,12,
item_names,24,#d##k##e,$04F120,12,
item_names,25,##[NAME]###,$04F12C,9,
item_names,26,#T######,$04F138,12,
item_names,27,######,$04F144,9,
item_names,28,#kl#####x###,$04F150,12,
item_names,29,###qCi######,$04F15C,12,
item_names,30,########,$04F168,12,
item_names,31,#########bh#,$04F174,12,
item_names,32,###l#i#####e,$04F180,12,
item_names,33,lm####d#T##,$04F18C,12,
item_names,34,#_##########,$04F198,12,
item_names,35,[CLEAR]#########,$04F1A4,12,
item_names,36,##########,$04F1B0,12,
item_names,37,#Vl##&##l###,$04F1BC,12,
item_names,38,########T###,$04F1C8,12,
item_names,39,######d##,$04F1D4,10,
item_names,40,##########C#,$04F1E0,12,
item_names,41,C,$04F1EC,2,
item_names,42,"[CLEAR][CLEAR][WAIT]

",$04F1F8,6,
item_names,43,P,$04F204,2,
item_names,44,####E#######,$04F210,12,
item_names,45,#,$04F21C,2,
item_names,46,7#####[WAIT]####P,$04F228,12,
item_names,47,V#8#######,$04F234,12,
item_names,48,#knp##E###e,$04F240,12,
item_names,49,O###t####0,$04F24C,12,
item_names,50,############,$04F258,12,
item_names,51,##########C#,$04F264,12,
item_names,52,A#Z#Ytg#A#9#,$04F270,12,
item_names,53,9FFlllFFF##y,$04F27C,12,
item_names,54,#U##-#w##7#3,$04F288,12,
item_names,55,##########k#,$04F294,12,
item_names,56,#######[NAME][NAME][ITEM][ITEM]#,$04F2A0,12,
item_names,57,#'#####_#aih,$04F2AC,12,
item_names,58,h###[NAME]F####n#,$04F2B8,12,
item_names,59,mpt#########,$04F2C4,12,
item_names,60,#u#AA###oii#,$04F2D0,12,
item_names,61,########h,$04F2DC,12,
item_names,62,"t##[NAME]####k
##",$04F2E8,12,
item_names,63,"##
[CLEAR]q##",$04F2F4,8,
item_names,64,####i######,$04F300,12,
item_names,65,#,$04F30C,2,
item_names,66,############,$04F318,12,
item_names,67,#F#######B##,$04F324,12,
item_names,68,#xbxbD&x#v#,$04F330,12,
item_names,69,u###########,$04F33C,12,
item_names,70,############,$04F348,12,
item_names,71,############,$04F354,12,
item_names,72,#####s#####,$04F360,12,
item_names,73,####[CLEAR]#####,$04F36C,12,
item_names,74,#########p#,$04F378,12,
item_names,75,#####m,$04F384,9,
item_names,76,###u#,$04F390,6,
item_names,77,####m,$04F39C,6,
item_names,78,#####pin#m##,$04F3A8,12,
item_names,79,#######mm#,$04F3B4,12,
item_names,80,G##W#0#0####,$04F3C0,12,
item_names,81,#m##########,$04F3CC,12,
item_names,82,"######[ITEM][CLEAR][CLEAR]

",$04F3D8,12,
item_names,84,############,$04F3F0,12,
item_names,85,############,$04F3FC,12,
item_names,86,####lI#lF##,$04F408,12,
item_names,87,######k###,$04F414,12,
item_names,88,#########[CLEAR],$04F420,12,
item_names,89,[CLEAR]#######[CLEAR]##,$04F42C,12,
item_names,90,###ddp#,$04F438,12,
item_names,91,#,$04F444,2,
item_names,92,####U###G##,$04F450,12,
item_names,93,##[CLEAR]###m####,$04F45C,12,
item_names,94,##########Z#,$04F468,12,
item_names,95,#########[NAME]#s,$04F474,12,
item_names,96,#[CLEAR]##########,$04F480,12,
item_names,97,"##_[CLEAR]

_#####",$04F48C,12,
item_names,98,#########,$04F498,10,
item_names,100,#nn[CLEAR][CLEAR]#######,$04F4B0,12,
item_names,101,###n[CLEAR][ITEM]######,$04F4BC,12,
item_names,102,####_####y#[NAME],$04F4C8,12,
item_names,103,#########,$04F4D4,12,
item_names,104,#VIso_[NAME]#[NAME]###,$04F4E0,12,
item_names,105,########,$04F4EC,12,
item_names,106,########,$04F4F8,12,
item_names,107,##m####,$04F504,12,
item_names,108,#p######,$04F510,12,
item_names,109,#########,$04F51C,12,
item_names,110,#W#GGmm,$04F528,8,
item_names,114,pYzH#H####,$04F558,12,
item_names,115,###,$04F564,4,
item_names,116,#####WW##,$04F570,12,
item_names,117,"##
",$04F57C,4,
item_names,118,O#######m#m#,$04F588,12,
item_names,119,########,$04F594,12,
item_names,120,#########l#l,$04F5A0,12,
item_names,121,#[ITEM],$04F5AC,12,
item_names,122,[NAME][NAME][NAME]_##l,$04F5B8,12,
item_names,123,#,$04F5C4,10,
item_names,124,#####m#m#m#m,$04F5D0,12,
item_names,125,#,$04F5DC,2,
item_names,126,"#####[CLEAR][CLEAR]



[CLEAR]",$04F5E8,12,
item_names,127,"[WAIT]0###[WAIT]

[CLEAR]###",$04F5F4,12,
item_names,128,i####[NAME]K#####,$04F600,12,
item_names,129,###8####k,$04F60C,12,
item_names,130,######[CLEAR][CLEAR],$04F618,10,
item_names,132,##m###'#####,$04F630,12,
item_names,133,#####l#l,$04F63C,12,
item_names,134,#l####n####,$04F648,12,
item_names,135,###Cu###,$04F654,12,
item_names,136,########0###,$04F660,12,
item_names,137,#########,$04F66C,10,
item_names,139,[CLEAR],$04F684,2,
item_names,140,###########,$04F690,12,
item_names,141,#######C##,$04F69C,12,
item_names,142,##########,$04F6A8,12,
item_names,143,######,$04F6B4,10,
item_names,146,"########
",$04F6D8,12,
item_names,147,"
_####
fl#",$04F6E4,12,
item_names,148,######,$04F6F0,12,
item_names,149,##m######,$04F6FC,12,
item_names,150,#GG####,$04F708,8,
item_names,151,####m#,$04F714,7,
item_names,152,7#####[WAIT]#####,$04F720,12,
item_names,153,##8#######,$04F72C,12,
item_names,154,#W#u###E###e,$04F738,12,
item_names,155,O##0u###,$04F744,10,
item_names,157,#,$04F75C,2,
item_names,158,#######[NAME][NAME][ITEM][ITEM]#,$04F768,12,
item_names,159,#######_#w#d,$04F774,12,
item_names,160,j#g#####n#,$04F780,12,
item_names,161,m#ps########,$04F78C,12,
item_names,162,############,$04F798,12,
item_names,163,############,$04F7A4,12,
item_names,164,##########7#,$04F7B0,12,
item_names,165,##########,$04F7BC,12,
item_names,166,####li##e###,$04F7C8,12,
item_names,167,######d###,$04F7D4,12,
item_names,168,#nt########[CLEAR],$04F7E0,12,
item_names,169,[CLEAR][WAIT]######[CLEAR]###,$04F7EC,12,
item_names,170,S######,$04F7F8,12,
item_names,171,######,$04F804,10,
item_names,173,#,$04F81C,2,
item_names,174,"[CLEAR][CLEAR][WAIT]

",$04F828,6,
item_names,175,#,$04F834,2,
item_names,177,#,$04F84C,2,
item_names,178,############,$04F858,12,
item_names,179,########m##,$04F864,12,
item_names,180,#########4##,$04F870,12,
item_names,181,#m########j#,$04F87C,12,
item_names,182,#######[NAME][NAME][ITEM][ITEM]#,$04F888,12,
item_names,183,#######_#q#R,$04F894,12,
item_names,184,h#a#######,$04F8A0,12,
item_names,185,##ty####x#h,$04F8AC,12,
item_names,186,t#b####9U###,$04F8B8,12,
item_names,187,#t[CLEAR]_q##,$04F8C4,8,
item_names,188,####Q#######,$04F8D0,12,
item_names,189,#,$04F8DC,2,
item_names,191,m,$04F8F4,2,
item_names,192,#wkwk#C#u#u#,$04F900,12,
item_names,193,u###########,$04F90C,12,
item_names,194,############,$04F918,12,
item_names,195,############,$04F924,12,
item_names,196,###s#####m,$04F930,12,
item_names,197,#####[CLEAR]######,$04F93C,12,
item_names,198,############,$04F948,12,
item_names,199,F#########,$04F954,12,
item_names,200,"###u#
M##k#",$04F960,12,
item_names,201,####m,$04F96C,6,
item_names,202,####x#r#u##,$04F978,12,
item_names,203,#,$04F984,2,
item_names,204,0##O###u###[NAME],$04F990,12,
item_names,205,##########u#,$04F99C,12,
item_names,206,############,$04F9A8,12,
item_names,207,############,$04F9B4,12,
item_names,208,#####E#8##,$04F9C0,12,
item_names,209,######,$04F9CC,7,
item_names,210,###ll#####,$04F9D8,12,
item_names,211,#########Wde,$04F9E4,12,
item_names,212,###ll##p#,$04F9F0,12,
item_names,213,###W###,$04F9FC,8,
item_names,214,#####U###G##,$04FA08,12,
item_names,215,##[CLEAR]###m#####,$04FA14,12,
item_names,216,#77####p#il#,$04FA20,12,
item_names,217,#######m,$04FA2C,9,
item_names,218,#######Yw###,$04FA38,12,
item_names,219,"#[NAME]_[CLEAR]

_#####",$04FA44,12,
item_names,220,#########,$04FA50,10,
item_names,222,#ts#########,$04FA68,12,
item_names,223,###t#######m,$04FA74,12,
item_names,224,##[CLEAR]####-#y##,$04FA80,12,
item_names,225,"######
#",$04FA8C,12,
item_names,226,####,$04FA98,6,
item_names,227,#,$04FAA4,2,
item_names,228,###WWmm,$04FAB0,8,
item_names,230,####WW##,$04FAC8,12,
item_names,231,"##
",$04FAD4,4,
item_names,232,S#s#####,$04FAE0,12,
item_names,233,#########,$04FAEC,12,
item_names,234,#########l#l,$04FAF8,12,
item_names,235,####,$04FB04,12,
item_names,236,#####Xlbh-##,$04FB10,12,
item_names,237,###mm####m,$04FB1C,12,
item_names,238,#mm####mmmmG,$04FB28,12,
item_names,239,G#mm#m###j#C,$04FB34,12,
item_names,240,############,$04FB40,12,
item_names,241,###########T,$04FB4C,12,
item_names,242,#T#########,$04FB58,12,
item_names,243,#####,$04FB64,6,
item_names,244,###########G,$04FB70,12,
item_names,245,#########df#,$04FB7C,12,
item_names,246,######,$04FB88,12,
item_names,247,##m###,$04FB94,10,
weapon_names,0,######,$04F800,12,
weapon_names,2,[NAME]####,$04F818,6,
weapon_names,3,#,$04F824,2,
weapon_names,4,#####,$04F830,6,
weapon_names,5,#,$04F83C,2,
weapon_names,6,#####,$04F848,6,
weapon_names,7,############,$04F854,12,
weapon_names,8,############,$04F860,12,
weapon_names,9,m##########,$04F86C,12,
weapon_names,10,#4###m######,$04F878,12,
weapon_names,11,##j########[NAME],$04F884,12,
weapon_names,12,[NAME][ITEM][ITEM]########_,$04F890,12,
weapon_names,13,#q#Rh#a###,$04F89C,12,
weapon_names,14,######ty####,$04F8A8,12,
weapon_names,15,x#ht#b####9,$04F8B4,12,
weapon_names,16,U####t[CLEAR]_q##,$04F8C0,12,
weapon_names,17,#,$04F8CC,2,
weapon_names,18,#####,$04F8D8,6,
weapon_names,21,mA###wkwk#C#,$04F8FC,12,
weapon_names,22,u#u#u#######,$04F908,12,
weapon_names,23,############,$04F914,12,
weapon_names,24,############,$04F920,12,
weapon_names,25,#######s###,$04F92C,12,
weapon_names,26,##m#####[CLEAR]##,$04F938,12,
weapon_names,27,############,$04F944,12,
weapon_names,28,####F#####,$04F950,12,
weapon_names,29,"#######u#
M",$04F95C,12,
weapon_names,30,##k#####m,$04F968,10,
weapon_names,31,########x#r,$04F974,12,
weapon_names,32,#u###,$04F980,6,
weapon_names,33,##G#0##O###u,$04F98C,12,
weapon_names,34,###[NAME]########,$04F998,12,
weapon_names,35,##u#########,$04F9A4,12,
weapon_names,36,############,$04F9B0,12,
weapon_names,37,#########E#,$04F9BC,12,
weapon_names,38,8########,$04F9C8,11,
weapon_names,39,#'#####ll#,$04F9D4,12,
weapon_names,40,############,$04F9E0,12,
weapon_names,41,#Wde###ll##,$04F9EC,12,
weapon_names,42,p####W###,$04F9F8,12,
weapon_names,43,m##D#####U##,$04FA04,12,
weapon_names,44,#G####[CLEAR]###m#,$04FA10,12,
weapon_names,45,#####77####p,$04FA1C,12,
weapon_names,46,#il########m,$04FA28,12,
weapon_names,48,"w####[NAME]_[CLEAR]

_#",$04FA40,12,
weapon_names,49,############,$04FA4C,12,
weapon_names,50,#,$04FA58,2,
weapon_names,52,#######t####,$04FA70,12,
weapon_names,53,###m##[CLEAR]####-,$04FA7C,12,
weapon_names,54,#y#######,$04FA88,12,
weapon_names,55,"#
#####",$04FA94,10,
weapon_names,56,###,$04FAA0,6,
weapon_names,57,######WWmm,$04FAAC,12,
weapon_names,60,"W####
",$04FAD0,8,
weapon_names,61,####S#s####,$04FADC,12,
weapon_names,62,#######,$04FAE8,12,
weapon_names,63,###########,$04FAF4,12,
armor_names,12,"
##Q#Q#Q#Q#",$04FC90,12,
armor_names,18,[NAME]#[ITEM]#C#Kx##C,$04FCD8,12,
armor_names,20,##m########m,$04FCF0,12,
armor_names,22,[CLEAR]#########[CLEAR][WAIT],$04FD08,12,
armor_names,25,#,$04FD2C,10,
armor_names,27,#,$04FD44,10,
armor_names,28,m,$04FD50,2,
armor_names,31,[CLEAR],$04FD74,2,
armor_names,33,#,$04FD8C,2,
armor_names,35,#,$04FDA4,2,
armor_names,36,##########,$04FDB0,12,
armor_names,38,###,$04FDC8,12,
armor_names,39,#,$04FDD4,2,
armor_names,40,####,$04FDE0,5,
armor_names,42,##########,$04FDF8,12,
armor_names,44,#####,$04FE10,12,
armor_names,45,#,$04FE1C,2,
armor_names,60,#n##########,$04FED0,12,
armor_names,61,#,$04FEDC,2,
armor_names,62,#n###,$04FEE8,7,
accessory_names,0,#,$04FD00,2,
accessory_names,1,######[CLEAR][WAIT],$04FD0C,9,
accessory_names,2,##[CLEAR],$04FD18,6,
accessory_names,7,#,$04FD54,2,
accessory_names,8,#####,$04FD60,6,
accessory_names,12,#####,$04FD90,6,
accessory_names,14,######,$04FDA8,7,
accessory_names,15,#######,$04FDB4,9,
accessory_names,17,###,$04FDCC,10,
accessory_names,21,#######,$04FDFC,9,
accessory_names,23,#####,$04FE14,10,
accessory_names,30,##,$04FE68,3,
accessory_names,32,######,$04FE80,7,
accessory_names,36,###[WAIT]##,$04FEB0,7,
accessory_names,39,#########,$04FED4,10,
accessory_names,40,__###n#n#n#,$04FEE0,12,
accessory_names,41,##,$04FEEC,3,
accessory_names,43,###n####,$04FF04,9,
accessory_names,44,###,$04FF10,4,
accessory_names,46,"
#",$04FF28,3,
accessory_names,49,##[NAME]#[WAIT]#[NAME]##,$04FF4C,10,
accessory_names,51,[NAME]#[NAME]###,$04FF64,7,
accessory_names,54,####,$04FF88,5,
accessory_names,56,##,$04FFA0,3,
spell_names,0,####,$04FE00,5,
spell_names,2,###,$04FE18,6,
spell_names,5,##,$04FE3C,3,
spell_names,11,##,$04FE84,3,
spell_names,15,##,$04FEB4,3,
spell_names,18,#####,$04FED8,6,
spell_names,19,#n#n#n###,$04FEE4,11,
spell_names,22,####,$04FF08,5,
spell_names,26,#,$04FF38,2,
spell_names,28,[WAIT]#[NAME]##,$04FF50,6,
spell_names,30,##,$04FF68,3,
spell_names,35,#,$04FFA4,12,
spell_names,43,#,$050004,2,
spell_names,44,###0,$050010,5,
spell_names,45,#,$05001C,3,
spell_names,46,####,$050028,6,
spell_names,47,#,$050034,4,
spell_names,48,##[CLEAR]#,$050040,5,
spell_names,49,#k#,$05004C,4,
spell_names,50,#########,$050058,11,
spell_names,51,#####,$050064,6,
spell_names,52,######,$050070,8,
spell_names,53,#&###,$05007C,6,
spell_names,54,##,$050088,4,
spell_names,56,d##,$0500A0,6,
spell_names,57,##,$0500AC,4,
spell_names,58,#,$0500B8,2,
spell_names,59,[CLEAR]#######,$0500C4,12,
spell_names,60,"#
###",$0500D0,8,
spell_names,61,##,$0500DC,6,
spell_names,62,k##s##,$0500E8,8,
spell_names,63,###,$0500F4,5,
monster_names,1,###0,$050010,5,
monster_names,2,l#,$050020,4,
monster_names,3,#####,$050030,8,
monster_names,4,##[CLEAR]#,$050040,5,
monster_names,5,####d########,$050050,16,
monster_names,6,##,$050060,3,
monster_names,7,######,$050070,8,
monster_names,8,#,$050080,2,
monster_names,9,#[CLEAR]#y,$050090,5,
monster_names,10,d##,$0500A0,6,
monster_names,11,"[CLEAR]F#
t#",$0500B0,10,
monster_names,12,##,$0500C0,4,
monster_names,13,"#
###",$0500D0,8,
monster_names,14,#,$0500E0,2,
monster_names,15,######,$0500F0,9,
monster_names,16,##,$050100,3,
monster_names,17,####,$050110,5,
monster_names,18,###,$050120,9,
monster_names,21,###,$050150,9,
monster_names,22,#############,$050160,16,
monster_names,23,####,$050170,5,
monster_names,24,############,$050180,16,
monster_names,25,##########,$050190,16,
monster_names,26,#####[CLEAR]##,$0501A0,9,
monster_names,27,#########,$0501B0,14,
monster_names,28,###[CLEAR][CLEAR]m#_,$0501C0,9,
monster_names,29,###,$0501D0,4,
monster_names,30,#########,$0501E0,16,
monster_names,31,#,$0501F0,2,
monster_names,32,###o#,$050200,7,
monster_names,33,######l##,$050210,16,
monster_names,34,#####,$050220,6,
monster_names,36,######v##,$050240,11,
monster_names,37,#####m,$050250,10,
monster_names,38,######m###,$050260,16,
monster_names,39,#####[CLEAR]z#######,$050270,16,
monster_names,41,m,$050290,2,
monster_names,42,#,$0502A0,3,
monster_names,43,#######nF##,$0502B0,16,
monster_names,44,####m,$0502C0,7,
monster_names,45,###t##,$0502D0,16,
monster_names,46,"##p####[CLEAR]##
F#",$0502E0,16,
monster_names,47,"##
#####",$0502F0,11,
monster_names,48,"#
####m#",$050300,9,
monster_names,49,#,$050310,2,
monster_names,50,##[NAME]#,$050320,6,
monster_names,54,#,$050360,2,
monster_names,55,##m_,$050370,5,
monster_names,59,#d###,$0503B0,6,
monster_names,60,##,$0503C0,3,
monster_names,61,y#,$0503D0,3,
monster_names,63,#,$0503F0,3,
monster_names,71,####t##,$050470,8,
monster_names,79,#m,$0504F0,3,
monster_names,86,"_[CLEAR]um####
",$050560,11,
monster_names,88,######,$050580,7,
monster_names,89,#####0##,$050590,16,
monster_names,90,##,$0505A0,16,
monster_names,91,##,$0505B0,3,
monster_names,92,###nF#####,$0505C0,16,
monster_names,93,#m##,$0505D0,6,
monster_names,94,#######,$0505E0,16,
monster_names,95,"####[CLEAR]##
F####",$0505F0,16,
monster_names,96,####t####m###,$050600,16,
monster_names,97,"m###
0",$050610,9,
monster_names,101,h0###W##,$050650,9,
monster_names,102,#####e[CLEAR]p#######I,$050660,16,
monster_names,103,##t##########[CLEAR],$050670,16,
monster_names,104,"#[ITEM]#[ITEM]#[ITEM]z_
####",$050680,16,
monster_names,105,######,$050690,7,
monster_names,106,###,$0506A0,4,
monster_names,107,"



########

#q",$0506B0,16,
monster_names,108,###[ITEM]##b4hP######,$0506C0,16,
monster_names,109,###########x##F,$0506D0,16,
monster_names,110,M#####8#####np##,$0506E0,16,
monster_names,111,n###[CLEAR]#[CLEAR],$0506F0,8,
monster_names,112,##d##t##_######,$050700,16,
monster_names,113,#v#nCKC[NAME]########,$050710,16,
monster_names,114,##m#G######0##eu,$050720,16,
monster_names,115,m#######[CLEAR][CLEAR]_#####,$050730,16,
monster_names,116,########[CLEAR][NAME]######,$050740,16,
monster_names,117,####z###########,$050750,16,
monster_names,118,"[WAIT]


[CLEAR]###ya#PD###",$050760,16,
monster_names,119,###########k####,$050770,16,
monster_names,120,W###########m[CLEAR]m[CLEAR],$050780,16,
monster_names,121,###########,$050790,12,
monster_names,122,#[NAME]#[NAME]########,$0507A0,16,
monster_names,123,#,$0507B0,2,
monster_names,124,FFD#########,$0507C0,16,
monster_names,125,"#########qs###
",$0507D0,16,
monster_names,126,####G#nn##_#####,$0507E0,16,
monster_names,127,###n#[NAME]####q#S&yh,$0507F0,16,
monster_names,128,################,$050800,16,
monster_names,129,################,$050810,16,
monster_names,130,###e####m#mm####,$050820,16,
monster_names,131,###C#C##########,$050830,16,
monster_names,132,#_#_############,$050840,16,
monster_names,133,#####[ITEM]#[ITEM]####,$050850,16,
monster_names,134,###[NAME]###[NAME]##y####,$050860,16,
monster_names,135,"#####[CLEAR][WAIT]



[CLEAR][CLEAR]_#",$050870,16,
monster_names,136,"
##[WAIT]

[WAIT][NAME]",$050880,9,
monster_names,137,##mm####,$050890,9,
monster_names,138,################,$0508A0,16,
monster_names,139,##############Wl,$0508B0,16,
monster_names,140,##E########mF##,$0508C0,16,
monster_names,141,#######1T#####x#,$0508D0,16,
monster_names,142,################,$0508E0,16,
monster_names,143,######[WAIT]#########,$0508F0,16,
monster_names,144,########CC######,$050900,16,
monster_names,145,####l##[NAME]so####,$050910,16,
monster_names,146,###_###########F,$050920,16,
monster_names,147,######edJlp'###,$050930,16,
monster_names,148,###GGonn########,$050940,16,
monster_names,149,"#######[NAME][WAIT][WAIT]


##",$050950,16,
monster_names,150,################,$050960,16,
monster_names,151,##########hpdtlp,$050970,16,
monster_names,152,t###llNt#pl###,$050980,16,
monster_names,153,#o##i#k#######,$050990,16,
monster_names,154,#l######[WAIT]#[WAIT]##,$0509A0,14,
monster_names,155,####[NAME]####,$0509B0,15,
monster_names,156,######&N##p#el,$0509C0,16,
monster_names,157,##p#Gl######t#,$0509D0,16,
monster_names,158,#l########f##p,$0509E0,16,
monster_names,159,################,$0509F0,16,
monster_names,160,nmpppt##&#######,$050A00,16,
monster_names,161,################,$050A10,16,
monster_names,162,####__##########,$050A20,16,
monster_names,163,################,$050A30,16,
monster_names,164,pp##############,$050A40,16,
monster_names,165,##F#kc#######,$050A50,16,
monster_names,166,##F######[CLEAR]##l#l#,$050A60,16,
monster_names,167,######,$050A70,9,
monster_names,168,######h#8#######,$050A80,16,
monster_names,169,##############,$050A90,16,
monster_names,170,###############[CLEAR],$050AA0,16,
monster_names,171,##ooK##8#u######,$050AB0,16,
monster_names,172,#######q########,$050AC0,16,
monster_names,174,##############,$050AE0,16,
monster_names,175,###########MI##,$050AF0,16,
monster_names,176,#######f###,$050B00,16,
monster_names,177,#j#####el##,$050B10,13,
monster_names,178,#A####d#d#h,$050B20,16,
monster_names,180,####g###7#####,$050B40,16,
monster_names,181,#F#####lg##B3w#,$050B50,16,
monster_names,182,ww##########,$050B60,16,
monster_names,183,####D#####E8,$050B70,16,
monster_names,184,qs###F,$050B80,9,
monster_names,185,########,$050B90,9,
monster_names,186,"######__



",$050BA0,13,
monster_names,187,"####

",$050BB0,7,
monster_names,188,[CLEAR][WAIT][CLEAR][WAIT][WAIT][WAIT]_[NAME],$050BC0,9,
monster_names,189,_[NAME][NAME][ITEM]############,$050BD0,16,
monster_names,190,#_###########[CLEAR][WAIT],$050BE0,16,
monster_names,195,####CFGG##el####,$050C30,16,
monster_names,196,####l#####hZ##[ITEM]#,$050C40,16,
monster_names,197,5Dxx##########h#,$050C50,16,
monster_names,198,####3FOe####8Fce,$050C60,16,
monster_names,199,##tFj##########,$050C70,16,
monster_names,200,##A####k########,$050C80,16,
monster_names,204,&#htd#lpt######,$050CC0,16,
monster_names,205,Nt#pl###########,$050CD0,16,
monster_names,206,###############,$050CE0,16,
monster_names,207,##########n##ek,$050CF0,16,
monster_names,208,##JNGl###kplplp,$050D00,16,
monster_names,209,tt#kll#######p,$050D10,16,
monster_names,210,######m#m#m#####,$050D20,16,
monster_names,211,mmmmmm##,$050D30,9,
monster_names,212,########,$050D40,9,
monster_names,213,########pp######,$050D50,16,
monster_names,214,########,$050D60,9,
monster_names,215,#u######,$050D70,9,
monster_names,218,####m###,$050DA0,9,
monster_names,221,####X#Y#[CLEAR]#######,$050DD0,16,
monster_names,222,t###C####e######,$050DE0,16,
monster_names,225,[CLEAR][CLEAR]#C#####l####,$050E10,16,
monster_names,226,##m#,$050E20,5,
monster_names,227,"####[WAIT][WAIT]
#m####s##",$050E30,16,
monster_names,228,"



[CLEAR][WAIT][CLEAR][WAIT][CLEAR][WAIT][CLEAR][WAIT][CLEAR][WAIT][CLEAR][WAIT]",$050E40,16,
monster_names,229,"

[CLEAR][CLEAR][CLEAR][CLEAR][CLEAR][CLEAR]I#######",$050E50,16,
monster_names,230,#RJ##[CLEAR]Z[CLEAR]CCC#####,$050E60,16,
monster_names,231,########msmqmm##,$050E70,16,
monster_names,232,################,$050E80,16,
monster_names,233,######t,$050E90,8,
monster_names,234,####,$050EA0,5,
monster_names,235,"###
#######",$050EB0,16,
monster_names,236,"##
##",$050EC0,6,
monster_names,239,###[NAME][CLEAR][WAIT][CLEAR][WAIT]####[NAME][WAIT][WAIT],$050EF0,16,
monster_names,240,###o[CLEAR][CLEAR][CLEAR][CLEAR][CLEAR][CLEAR]##[CLEAR]#p#,$050F00,16,
monster_names,241,y########,$050F10,10,
monster_names,242,[CLEAR]###_##,$050F20,8,
monster_names,244,#####[CLEAR]######,$050F40,16,
monster_names,245,##F###########,$050F50,16,
monster_names,246,#me#kptt#kll,$050F60,16,
monster_names,247,#####p####G###,$050F70,16,
monster_names,248,##m##########m##,$050F80,16,
monster_names,249,"



__##########",$050F90,16,
monster_names,250,"

##########nH#'",$050FA0,16,
monster_names,251,#'########E#####,$050FB0,16,
monster_names,252,#,$050FC0,2,
monster_names,253,###[CLEAR][WAIT]######,$050FD0,16,
monster_names,254,#7############,$050FE0,16,
monster_names,255,#####h#8#######,$050FF0,16,
location_names,0,############UU######,$051000,20,
location_names,1,###j###########,$051014,20,
location_names,2,el##,$051028,5,
location_names,5,###,$051064,4,
location_names,8,#####[CLEAR][CLEAR],$0510A0,9,
location_names,9,######D###l#[NAME],$0510B4,15,
location_names,11,##[CLEAR],$0510DC,4,
location_names,14,##[CLEAR][CLEAR]#######[CLEAR]#####,$051118,20,
location_names,15,#s#l####,$05112C,13,
location_names,16,"##x######m3#'#####
",$051140,20,
location_names,19,####,$05117C,5,
location_names,20,[CLEAR][CLEAR]mmG#######[CLEAR]mG#R,$051190,20,
location_names,21,##[CLEAR]#C##n####R######,$0511A4,20,
location_names,22,##V#####,$0511B8,13,
location_names,24,#_################,$0511E0,20,
location_names,25,####################,$0511F4,20,
location_names,26,"########_[WAIT][CLEAR]


[CLEAR]#####",$051208,20,
location_names,27,#################[NAME]##,$05121C,20,
location_names,28,##2E####x###y###2##,$051230,20,
location_names,29,#,$051244,2,
location_names,30,"#####[NAME][WAIT]
###t#######",$051258,20,
location_names,31,#kT-#m,$05126C,7,
location_names,32,#######&#,$051280,11,
location_names,33,###el######2K#8####,$051294,20,
location_names,34,##8#######U#j####F##,$0512A8,20,
location_names,35,#[NAME]##########-#s#####,$0512BC,20,
location_names,36,###o#####i#######-,$0512D0,20,
location_names,37,####G0#k####ll#6###,$0512E4,20,
location_names,38,"####x###m####n

#j##",$0512F8,20,
location_names,39,############[CLEAR]#######,$05130C,20,
location_names,40,z#####&######T##y##,$051320,20,
location_names,41,###L#######lV####b#,$051334,20,
location_names,42,#######LYj##########,$051348,20,
location_names,43,Z###m######q######'#,$05135C,20,
location_names,44,J#J###y#############,$051370,20,
location_names,45,##jjbj####v######pp#,$051384,20,
location_names,46,Ml##############q###,$051398,20,
location_names,47,#####z#Dx###tt##d###,$0513AC,20,
location_names,48,[CLEAR][CLEAR]######J########,$0513C0,20,
location_names,49,#######0####l#l##',$0513D4,20,
location_names,50,#tlnF#n#####m###k###,$0513E8,20,
location_names,51,"####F##########[WAIT][CLEAR]
##",$0513FC,20,
location_names,52,#t##########[NAME]###,$051410,20,
location_names,53,###u####D#l####wx,$051424,20,
location_names,54,###C#S#####2#######,$051438,20,
location_names,55,###F#_######c#######,$05144C,20,
location_names,56,######,$051460,7,
location_names,57,"##7###Zi######[CLEAR]
m##",$051474,20,
location_names,58,####ii####p###q#,$051488,20,
location_names,59,##,$05149C,3,
location_names,60,p#,$0514B0,3,
location_names,61,p#,$0514C4,7,
location_names,62,####[CLEAR]######,$0514D8,20,
location_names,63,######,$0514EC,11,
location_names,64,################,$051500,20,
location_names,65,#####j######[WAIT]#####s#,$051514,20,
location_names,66,[CLEAR]###m##,$051528,8,
location_names,67,#####y####,$05153C,11,
location_names,68,V##d##r######,$051550,15,
location_names,69,y###,$051564,5,
location_names,70,j####h####T#7##5##,$051578,19,
location_names,71,###,$05158C,4,
location_names,73,yZF#,$0515B4,5,
location_names,74,####t##,$0515C8,9,
location_names,75,id######,$0515DC,13,
location_names,76,##Y##########j##,$0515F0,17,
location_names,77,m########z####v##l#,$051604,20,
location_names,79,###,$05162C,5,
location_names,80,########,$051640,9,
location_names,81,"



[WAIT][CLEAR][WAIT][CLEAR][ITEM]#[CLEAR][CLEAR]",$051654,13,
location_names,82,###k###h#S##########,$051668,20,
location_names,83,"#mm#

",$05167C,7,
location_names,85,"#####[NAME][WAIT]
",$0516A4,9,
location_names,86,###mG#0#,$0516B8,9,
location_names,87,##Z#i##########ZG###,$0516CC,20,
location_names,88,###################,$0516E0,20,
location_names,89,######O#u##C########,$0516F4,20,
location_names,90,"0u##_
[CLEAR]#",$051708,9,
location_names,91,####,$05171C,5,
location_names,92,[CLEAR][CLEAR]#[ITEM]####,$051730,9,
location_names,93,__####-####F,$051744,13,
location_names,94,###t########kT-#m,$051758,19,
location_names,95,###[NAME]##6#######x###,$05176C,20,
location_names,96,"#####n

",$051780,9,
location_names,97,####,$051794,5,
location_names,98,##FF####,$0517A8,9,
location_names,99,##########oo########,$0517BC,20,
location_names,101,####,$0517E4,5,
location_names,103,##################F9,$05180C,20,
location_names,104,#t#########[WAIT][WAIT]##,$051820,20,
location_names,105,###9##s_###S#FV,$051834,20,
location_names,106,PPPPff#############z,$051848,20,
location_names,107,#####G#G#W#0#0#0####,$05185C,20,
location_names,108,GGW000##,$051870,9,
location_names,109,####,$051884,5,
location_names,110,###G###########F#t#,$051898,20,
location_names,111,#######,$0518AC,8,
location_names,112,###H#######[CLEAR]#[WAIT]##l#,$0518C0,20,
location_names,113,############&####Wl,$0518D4,20,
location_names,114,########u#u#u#y####,$0518E8,20,
location_names,115,####uuuy####,$0518FC,13,
location_names,117,"_#





[CLEAR][CLEAR]

##_


[CLEAR]
",$051924,20,
location_names,118,xt####&#[CLEAR]##8##F#####,$051938,20,
location_names,119,#####t#####l#####m#,$05194C,20,
location_names,120,#####[CLEAR]##m#,$051960,20,
location_names,121,####,$051974,5,
location_names,122,#######[CLEAR]###[CLEAR]###,$051988,20,
location_names,123,##ml########ll####,$05199C,20,
location_names,124,#6#2#Z####S###F09Di#,$0519B0,20,
location_names,125,###m#############m#,$0519C4,20,
location_names,126,"mm#####m

[CLEAR][WAIT][WAIT][WAIT][WAIT][WAIT][WAIT][WAIT][WAIT][WAIT]",$0519D8,20,
location_names,127,"[CLEAR][WAIT]


[CLEAR][CLEAR][CLEAR][CLEAR][CLEAR][CLEAR]






##",$0519EC,20,
dialog,0,-##m###o#T##9,$00FF54,14,$7F54
dialog,1,############################################o#T##v######G#,$00A27F,60,$A27F
dialog,2,##o#UD####T############P##############P####################rC[ITEM]#P##P#P##[ITEM]##P################P#################xP##############P####################rC[ITEM]#P##P#P##############P###[ITEM]P##P#P##[ITEM]##P,$00C488,188,$C488
dialog,3,#############################################################################################o#P#L#C##C##CS#CV#P[WAIT]###P##a#P##3#####g####o#C##P#,$0080A0,144,$00A0
dialog,4,b,$00A960,2,$A960
dialog,5,P#L#C##C##CS#CV#P[WAIT]###P##a#P##3#####g####o#C##P#,$0080FF,49,$00FF
dialog,6,-##m###o#T##9,$00FF54,14,$7F54
dialog,7,############################################o#T##v######G#,$00A27F,60,$A27F
dialog,8,"##L#T#########L#T########T#########L#T########T#########L#P##[ITEM]####################################o#P#
#_#o#P#
#################o#P####O######8######8######8########P##Tg###P_#P####P_#P###G#",$00D000,191,$5000
dialog,9,######o#T###[WAIT]#T###[CLEAR]#T##o##,$0088A0,28,$88A0
dialog,11,##############################################################################################################################o#P#L#C##C##CS#CV#P[WAIT]###P##a#P##3#####g####o#C##P#,$00807F,177,$007F
dialog,12,-##m###o#T##9,$00FF54,14,$7F54
dialog,13,############################################o#T##v######G#,$00A27F,60,$A27F
dialog,14,"##L#T#########L#T########T#########L#T########T#########L#P##[ITEM]####################################o#P#
#_#o#P#
#################o#P####O######8######8######8########P##Tg###P_#P####P_#P###G#",$00D000,191,$5000
dialog,15,######o#T###[WAIT]#T###[CLEAR]#T##o##,$0088A0,28,$88A0
dialog,17,P#L#C##C##CS#CV#P[WAIT]###P##a#P##3#####g####o#C##P#,$0080FF,49,$00FF
dialog,18,-##m###o#T##9,$00FF54,14,$7F54
dialog,19,"R
####l#R
########o##########################o####T##v[CLEAR]#[CLEAR]C####o#U##b",$00AB7F,69,$AB7F
dialog,20,#b###,$00A0E2,6,$20E2
dialog,21,#U########U########,$0090C2,20,$10C2
dialog,22,############,$00F320,13,$F320
dialog,23,#m####[CLEAR]5,$00A98D,9,$A98D
dialog,24,###Q##o#T#########T#########o#T#####QC##P,$008D06,42,$8D06
dialog,25,T####,$009A46,6,$1A46
dialog,26,############,$00F320,13,$F320
dialog,27,###,$00AD8D,4,$AD8D
dialog,28,#####99[WAIT]#9###9_#9##P#####P##o#I#,$00992B,33,$192B
dialog,29,"P
####DYT#######O######o##GT###",$00B330,33,$3330
dialog,30,_##X######P###X######P###X######P###X############G#,$00D920,52,$D920
dialog,31,#T##D##T##D##U##T##D##T##D#####o####T##v[WAIT]##P,$00CE82,45,$CE82
dialog,32,#####99[WAIT]#9###9_#9##P#####P##o#I#,$00992B,33,$192B
dialog,33,#I,$00F8D0,3,$F8D0
dialog,34,#b###,$00AD8B,6,$AD8B
dialog,35,####99[WAIT]#9###9_#9##P#####P##o#I#,$00992C,32,$192C
dialog,36,#T####,$00D18D,7,$518D
dialog,37,o#o#o##q#Fq###q##q###o#TD####TE######u###o#P##3#G[NAME],$00C21A,51,$C21A
dialog,38,#####T######P,$00A230,14,$A230
dialog,39,###T###,$00C000,9,$4000
dialog,40,######o#T###[WAIT]#T###[CLEAR]#T##o##,$0088A0,28,$88A0
dialog,42,##############################################################################################################################o#P#L#C##C##CS#CV#P[WAIT]###P##a#P##3#####g####o#C##P#,$00807F,177,$007F
dialog,43,-##m###o#T##9,$00FF54,14,$7F54
dialog,44,############################################o#T##v######G#,$00A27F,60,$A27F
dialog,45,#########E#####T#############TE#########P##_######z4###T####[ITEM]#0#P##Tg###,$00E000,73,$6000
dialog,46,######o#T###[WAIT]#T###[CLEAR]#T##o##,$0088A0,28,$88A0
dialog,48,P#L#C##C##CS#CV#P[WAIT]###P##a#P##3#####g####o#C##P#,$0080FF,49,$00FF
dialog,49,-##m###o#T##9,$00FF54,14,$7F54
dialog,50,"R
####l#R
########o##########################o####T##v[CLEAR]#[CLEAR]C####o#U##b",$00AB7F,69,$AB7F
dialog,51,#b###,$00A0E2,6,$20E2
dialog,52,#U########U########,$0090C2,20,$10C2
dialog,53,Q#c#I,$0086A9,6,$06A9
dialog,54,tf#e###P####R###R#####-##o#U#######0Uj##n#Ul##p#G#,$00C68D,51,$468D
dialog,55,#P#P,$00A81A,5,$281A
dialog,56,########P###[ITEM]#################,$00FA7A,31,$FA7A
dialog,57,###[CLEAR]#T######_########P##j######o####I,$00DA60,38,$DA60
dialog,58,"##D[NAME]#D##L#D
#D[ITEM]####D##D##P#9",$00A208,29,$A208
dialog,59,#############_####[ITEM]##########################################################################################################################################################################################################################################o#P#L#C##C##CS#CV#P[WAIT]###P##a#P##3#####g####o#C##P#,$008000,304,$0000
dialog,60,#b###,$00A0E2,6,$20E2
dialog,61,#U########U########,$0090C2,20,$10C2
dialog,62,####P#,$00FC48,7,$FC48
dialog,63,'######G6,$00D6CB,10,$D6CB
dialog,64,"##y########o###'0#P
###G[CLEAR]",$00BA68,26,$3A68
dialog,65,#I,$00F8D0,3,$F8D0
dialog,66,T##9##T##9####uuuuT###z##0[NAME]#######m#,$00FA28,37,$FA28
dialog,67,###[CLEAR]#T######_########P##j######o####I,$00DA60,38,$DA60
dialog,68,"##D[NAME]#D##L#D
#D[ITEM]####D##D##P#9",$00A208,29,$A208
dialog,69,###########_####[ITEM]##########################################################################################################################################################################################################################################o#P#L#C##C##CS#CV#P[WAIT]###P##a#P##3#####g####o#C##P#,$008002,302,$0002
dialog,70,########T#####IQ##o#j,$00EA80,22,$EA80
dialog,71,#[CLEAR]#P,$0088DA,5,$08DA
dialog,73,#############_####[ITEM]##########################################################################################################################################################################################################################################o#P#L#C##C##CS#CV#P[WAIT]###P##a#P##3#####g####o#C##P#,$008000,304,$8000
dialog,74,###,$00D1E3,4,$D1E3
dialog,75,o#T1#v##_I[NAME],$00D0D6,12,$D0D6
dialog,76,"##U##P2D####yP##Tg###o#P[CLEAR]###P[CLEAR]#######o#P
###C########T####X######P[NAME]###P[WAIT]###U##j#####j###########T#####U####w####P",$00D982,114,$D982
dialog,77,#########################################o#T##v######G#,$00A282,57,$2282
dialog,78,9[WAIT],$0096A0,3,$96A0
dialog,79,#########E#####T#############TE#########P##_######z4###T####[ITEM]#0#P##Tg###,$00E000,73,$6000
dialog,80,#b###,$00A0E2,6,$20E2
dialog,81,#U########U########,$0090C2,20,$10C2
dialog,82,"q#W#q#m#r###r###r###r##y#T####[CLEAR]#
##I",$0083A9,37,$03A9
dialog,83,####T#######Q#########-#####P#####P#Q#######Q#######Q#######Q####P,$00E28D,67,$E28D
dialog,84,####################################################################################################################################################################################################################################o#P#L#C##C##CS#CV#P[WAIT]###P##a#P##3#####g####o#C##P#,$008019,279,$8019
dialog,85,P##TgCW#########[WAIT]B,$00E207,19,$E207
dialog,86,#q#Fq###q##q###o#TD####TE######u###o#P##3#G[NAME],$00C220,45,$C220
dialog,87,#CT####T#########T##########o#T#########,$009C10,41,$9C10
dialog,88,#####,$0099E2,6,$19E2
dialog,89,##P#Q#######Q#######Q#######Q####P,$00E2AD,35,$E2AD
dialog,90,##,$00A019,3,$2019
dialog,91,######P##,$00B1EB,10,$B1EB
dialog,92,IQ##o#j,$00EA8E,8,$EA8E
dialog,93,#########o#T#####QC##P,$008D19,23,$8D19
dialog,95,##w######,$00FDBD,10,$7DBD
dialog,96,########o#T#####QC##P,$008D1A,22,$8D1A
dialog,97,###99[WAIT]#9###9_#9##P#####P##o#I#,$00992D,31,$192D
dialog,98,uum#,$00FEBD,5,$7EBD
dialog,99,"##D####yU##T###0D#######y#U####g#####-###w#####j#########U##T##D####yU##T##D####y########o###'0#P
###G[CLEAR]",$00BA1A,104,$3A1A
dialog,100,-#o#T###T#######b######o##,$00AE8D,27,$2E8D
dialog,101,##,$00A019,3,$2019
dialog,102,###o#P,$00880C,7,$880C
dialog,103,##############################################################o#P#L#C##C##CS#CV#P[WAIT]###P##a#P##3#####g####o#C##P#,$0080BF,113,$00BF
dialog,104,##P####I#,$00FF80,10,$7F80
dialog,105,P,$009F1A,2,$9F1A
dialog,106,#############_####[ITEM]##########################################################################################################################################################################################################################################o#P#L#C##C##CS#CV#P[WAIT]###P##a#P##3#####g####o#C##P#,$008000,304,$8000
dialog,107,#####,$008D7F,6,$8D7F
dialog,108,T#########,$0099D6,11,$19D6
dialog,109,##G#rI##P#,$0081A9,11,$01A9
dialog,110,b,$00CB8D,2,$4B8D
dialog,111,########T##########o#T#########,$009C19,32,$9C19
dialog,112,#D##D##D##D##D##D##D##D####9[CLEAR]#9####9##9####9[CLEAR]#9####9##9#####7CT###[CLEAR]##AT#######C##P,$009951,83,$1951
dialog,113,##,$00C9AD,3,$C9AD
dialog,114,#########o#T#####QC##P,$008D19,23,$8D19
dialog,115,##########o#T#########,$0099CA,23,$19CA
dialog,116,####################################################################################o#P#L#C##C##CS#CV#P[WAIT]###P##a#P##3#####g####o#C##P#,$0080A9,135,$00A9
dialog,117,####5#G#,$00ADEB,9,$ADEB
dialog,118,T#########,$0099D6,11,$19D6
dialog,119,#E#0#j###j###P#D##T####[CLEAR]####0D####yP,$00BFAA,37,$BFAA
dialog,120,#T########P[CLEAR]######T####[CLEAR]########o#T###,$00D0F4,41,$D0F4
dialog,121,#####,$008D7F,6,$8D7F
dialog,122,T##########o#T#########,$0099C9,24,$19C9
dialog,123,oLpLpLpLp#o#o#o#o#o#o#o##q#Fq###q##q###o#TD####TE######u###o#P##3#G[NAME],$00C208,69,$C208
dialog,124,"##RTS##
#####[CLEAR]#S###[WAIT]#[ITEM]##0###MI##J##o#-#########o#T#",$008A30,52,$8A30
dialog,125,###########yyyy#y,$008A0A,19,$0A0A
dialog,126,#E#0#j###j###P#D##T####[CLEAR]####0D####yP,$00BFAA,37,$BFAA
dialog,127,####P,$00CEF4,6,$CEF4
dialog,128,#####,$008D7F,6,$8D7F
dialog,129,####T##########o#T#########,$0099C5,28,$19C5
dialog,131,##_###I#,$00FFCE,9,$7FCE
dialog,132,######t#####qP####G#,$00C78D,21,$C78D
dialog,133,##P#P,$00A819,6,$2819
dialog,134,##T##F#r#######P[ITEM]######P##P############P,$00D320,41,$D320
dialog,135,[CLEAR]########U###,$00A096,14,$2096
dialog,136,#o#T,$009058,5,$9058
dialog,137,##P#Q#######Q#######Q#######Q####P,$00E2AD,35,$E2AD
dialog,138,"T#########L#T########T#########L#P##[ITEM]####################################o#P#
#_#o#P#
#################o#P####O######8######8######8########P##Tg###P_#P####P_#P###G#",$00D019,166,$D019
dialog,139,#P#9,$00A220,5,$A220
dialog,140,#############_####[ITEM]##########################################################################################################################################################################################################################################o#P#L#C##C##CS#CV#P[WAIT]###P##a#P##3#####g####o#C##P#,$008000,304,$0000
dialog,141,vjvjvjLpLpLpLp#j#j#j#j&j#j#k##q0[CLEAR]#Fq###q0[CLEAR]##q###o##E#0#i#####i#######u###o##E#0#######j###########G[NAME],$00BDAD,101,$BDAD
dialog,142,####,$009A19,5,$1A19
dialog,143,T##v_##P####I[NAME],$00FF18,15,$7F18
dialog,144,#[NAME]#[ITEM]#_#[ITEM]#######I[WAIT],$0096CB,18,$96CB
dialog,145,########o##M[WAIT]K[NAME]P#,$00A901,18,$2901
dialog,146,###o#T#####QC##P,$008D1F,17,$8D1F
dialog,147,[ITEM]#T#########T##########o#T#########,$0099BD,36,$19BD
dialog,148,0#j###j###P#D##T####[CLEAR]####0D####yP,$00BFAD,34,$BFAD
dialog,149,l##,$009819,4,$1819
dialog,150,#,$00CC7F,2,$CC7F
dialog,151,I##P#,$008196,6,$0196
dialog,152,"
#[ITEM]##P[WAIT]#[WAIT]#P
#[CLEAR]#C",$008F29,17,$0F29
dialog,153,#######T###0D####y###D#####o##E#0#j###j###P#D##T####[CLEAR]####0D####yP,$00BF8D,66,$BF8D
dialog,154,####################################################################################################################################################################################################################################o#P#L#C##C##CS#CV#P[WAIT]###P##a#P##3#####g####o#C##P#,$008019,279,$8019
dialog,155,D##P#9,$00A21E,7,$A21E
dialog,156,#############_####[ITEM]##########################################################################################################################################################################################################################################o#P#L#C##C##CS#CV#P[WAIT]###P##a#P##3#####g####o#C##P#,$008000,304,$0000
dialog,157,vjvjvjLpLpLpLp#j#j#j#j&j#j#k##q0[CLEAR]#Fq###q0[CLEAR]##q###o##E#0#i#####i#######u###o##E#0#######j###########G[NAME],$00BDAD,101,$BDAD
dialog,158,l##,$009819,4,$1819
dialog,159,b######[CLEAR]######b,$00CB7F,16,$CB7F
dialog,160,I##P#,$008196,6,$0196
dialog,161,#o##,$009F29,6,$1F29
dialog,162,#j####,$00BD8D,7,$BD8D
dialog,163,[CLEAR]##R###TP,$00AD19,10,$AD19
dialog,164,T#########T##########o#T#########,$0099BF,34,$19BF
dialog,166,#,$00CC7F,2,$CC7F
dialog,167,I##P#,$008196,6,$0196
dialog,168,"
#[ITEM]##P[WAIT]#[WAIT]#P
#[CLEAR]#C",$008F29,17,$0F29
dialog,169,#######T###0D####y###D#####o##E#0#j###j###P#D##T####[CLEAR]####0D####yP,$00BF8D,66,$BF8D
dialog,170,##,$00A019,3,$2019
dialog,171,###o#Tl##[WAIT]#P##[CLEAR]#P,$0088CD,18,$88CD
dialog,172,###T##v[CLEAR]#[CLEAR]C####o#U##b,$00ABAE,22,$2BAE
dialog,173,"#Q##TS###[CLEAR]#S####I
",$008E19,20,$8E19
dialog,174,##D##D##D####9[CLEAR]#9####9##9####9[CLEAR]#9####9##9#####7CT###[CLEAR]##AT#######C##P,$00995F,69,$195F
dialog,175,#[WAIT]####P####C##T####0v####WW#T####XW#U##-U##-T####X###########T#########rT####X0##cX#########o#U##-U##-#,$00B0C2,106,$30C2
dialog,176,#####x#0[CLEAR]###T#####[NAME]###[CLEAR]#[ITEM]T####P[CLEAR]###G,$00EAAF,37,$EAAF
dialog,177,########o#P#L#C##C##CS#CV#P[WAIT]###P##a#P##3#####g####o#C##P#,$0080F5,59,$00F5
dialog,178,"####w#C##C##T#####P[WAIT]###P####P##Tg##3#####U##T##D##C####y#w###U##T##D##j######D##P##TgU##T#####P###wC##C##P
####w###3Ta####a#U##T#####P###wU##PW###D##j#########D##C####yU##PY###D##P[WAIT]#####yT######F#U##j#########U##T##D##C####yU##T##D##P[WAIT]#####y##U##T##D##T##D##U##T##D##T##D#####o####T##v[WAIT]##P",$00CD8D,290,$4D8D
dialog,180,#q#Fq###q##q###o#TD####TE######u###o#P##3#G[NAME],$00C220,45,$C220
dialog,181,"L#D
#D[ITEM]####D##D##P#9",$00A210,21,$A210
dialog,182,###o######o#M[NAME]i#Mj#MQL#v#,$00A11F,26,$A11F
dialog,183,#L[WAIT]####,$00868E,9,$068E
dialog,184,####o##M[WAIT]K[NAME]P#,$00A905,14,$A905
dialog,185,##o#T#########T#########o#T#####QC##P,$008D0A,38,$8D0A
dialog,186,[WAIT]#I,$008505,4,$0505
dialog,187,########T####T############W####T####T####v[CLEAR]#[NAME]P##[NAME]T####W###,$0094A9,59,$14A9
dialog,188,"[WAIT]#
#[WAIT]##o######I",$00A68D,16,$268D
dialog,189,[CLEAR]##R###TP,$00AD19,10,$AD19
dialog,190,P##P######99[WAIT]#9###9_#9##P#####P##o#I#,$009926,38,$1926
dialog,191,#p##r##r#P[CLEAR],$008FC9,12,$0FC9
dialog,192,##[CLEAR]#T##o##,$0088B0,12,$08B0
dialog,193,##C##C####,$0085C9,11,$05C9
dialog,194,##[CLEAR]#T##o##,$0088B0,12,$08B0
dialog,195,P[CLEAR],$00B9A9,3,$39A9
dialog,196,"
#",$008680,4,$0680
dialog,197,####T###,$00B7A9,10,$37A9
dialog,198,"####C#####T1####U#####P###
##1T##v##[NAME]##A",$008280,41,$0280
dialog,199,###j#d####P######c#########o#T######T######P,$00B6A9,45,$36A9
dialog,200,######x#0[CLEAR]###T#####[NAME]###[CLEAR]#[ITEM]T####P[CLEAR]###G,$00EAAE,38,$EAAE
dialog,201,##,$00A019,3,$2019
dialog,202,#-#o#-#,$00CACF,9,$CACF
dialog,203,#############################################################################################################################o#P#L#C##C##CS#CV#P[WAIT]###P##a#P##3#####g####o#C##P#,$008080,176,$0080
dialog,204,"##3#####U##T##D##C####y#w###U##T##D##j######D##P##TgU##T#####P###wC##C##P
####w###3Ta####a#U##T#####P###wU##PW###D##j#########D##C####yU##PY###D##P[WAIT]#####yT######F#U##j#########U##T##D##C####yU##T##D##P[WAIT]#####y##U##T##D##T##D##U##T##D##T##D#####o####T##v[WAIT]##P",$00CDAE,257,$4DAE
dialog,205,E,$00BF19,2,$BF19
dialog,206,#I########Co#P####P###7,$00F5F2,24,$F5F2
dialog,207,####G##I#,$00E800,10,$E800
dialog,208,##T####_###I#,$00FFC9,14,$FFC9
dialog,209,#-###o#P,$00AFF0,9,$2FF0
dialog,210,####################################################o#P#L#C##C##CS#CV#P[WAIT]###P##a#P##3#####g####o#C##P#,$0080C9,103,$80C9
dialog,212,##o####Ql####r#l####t###6##0Tj####,$00C98D,35,$498D
dialog,213,"o#P##
#L_#Rj",$00A919,13,$A919
dialog,214,o#T#########T#########o#T#####QC##P,$008D0C,36,$8D0C
dialog,215,#,$00994A,2,$194A
dialog,216,##########R###-###U##V##V######o#P,$00AEDA,35,$AEDA
dialog,217,#####,$0099EA,6,$19EA
dialog,218,"###P#
#C[WAIT]####C##C####",$0085BD,23,$85BD
dialog,219,########o#T#####QC##P,$008D1A,22,$8D1A
dialog,220,###99[WAIT]#9###9_#9##P#####P##o#I#,$00992D,31,$192D
dialog,221,####,$0087BD,6,$87BD
dialog,222,########o#T#####QC##P,$008D1A,22,$8D1A
dialog,223,##99[WAIT]#9###9_#9##P#####P##o#I#,$00992E,30,$192E
dialog,224,##a####[CLEAR]##HP,$00A0FA,13,$20FA
dialog,225,#o#T####FT###,$009681,15,$9681
dialog,226,"##F#r##########P[ITEM]###P##q#####tP##q#I###
[ITEM]T#####",$00D580,48,$D580
dialog,227,#z##0[NAME]####O#######,$00F2BF,19,$F2BF
dialog,228,########o#P#L#C##C##CS#CV#P[WAIT]###P##a#P##3#####g####o#C##P#,$0080F5,59,$00F5
dialog,230,I#,$009949,3,$1949
dialog,231,##j#####U##j#####j#####U##j#####j#####U##j#####j#####G#,$00DD20,56,$DD20
dialog,232,###############################################################################################o#P#L#C##C##CS#CV#P[WAIT]###P##a#P##3#####g####o#C##P#,$00809E,146,$809E
dialog,233,####,$008EC8,5,$8EC8
dialog,234,[WAIT]#D_#D##D##D##D##D##D##D##D####9[CLEAR]#9####9##9####9[CLEAR]#9####9##9#####7CT###[CLEAR]##AT#######C##P,$00994D,87,$194D
dialog,235,"###L#T########T#########L#P##[ITEM]####################################o#P#
#_#o#P#
#################o#P####O######8######8######8########P##Tg###P_#P####P_#P###G#",$00D020,159,$D020
dialog,236,#,$00AD82,2,$AD82
dialog,237,P##P######99[WAIT]#9###9_#9##P#####P##o#I#,$009926,38,$1926
dialog,238,##T#############o#####I,$008BC9,24,$0BC9
dialog,239,###,$0085D0,4,$05D0
dialog,240,##o#T##v######G#,$00A2A9,18,$22A9
dialog,241,TP,$00AD20,3,$AD20
dialog,242,#s######w#######P,$00CEBA,18,$CEBA
dialog,243,P##P######99[WAIT]#9###9_#9##P#####P##o#I#,$009926,38,$1926
dialog,244,"Ql####r#l####t#8Q##l####v###-##o#I###
[ITEM]T###",$009110,44,$9110
dialog,245,##0#######0##z##z#9##u####pP##RGq#I,$00E7AD,36,$E7AD
dialog,246,#########o#T#####QC##P,$008D19,23,$8D19
dialog,247,#####99[WAIT]#9###9_#9##P#####P##o#I#,$00992B,33,$192B
dialog,248,"l#0
######o#P",$00AC9C,14,$2C9C
dialog,249,##,$00A019,3,$2019
dialog,250,###o#-######T###,$008AE5,18,$8AE5
dialog,251,"#C###############2##Q#TW##[NAME]##Y
####",$00E260,36,$E260
dialog,252,#q#Fq###q##q###o#TD####TE######u###o#P##3#G[NAME],$00C220,45,$C220
dialog,253,##R####P###,$00A010,12,$2010
dialog,254,###o#P####,$008B76,11,$8B76
dialog,255,#########'#####S##P,$00F220,20,$7220
